{"cameraMode":{"drawMode":0,"name":"Shaded","section":"Shading Mode"},"sceneLighting":false,"audioPlay":false,"sceneViewState":{"m_AlwaysRefresh":false,"showFog":true,"showSkybox":true,"showFlares":true,"showImageEffects":true,"showParticleSystems":true,"showVisualEffectGraphs":true,"m_FxEnabled":false},"in2DMode":false,"pivot":{"x":-169.41452026367188,"y":1.0529998540878297,"z":-3.5310001373291017},"rotation":{"x":0.1562081277370453,"y":0.3104126453399658,"z":-0.051786456257104877,"w":0.9363059997558594},"size":1.221458911895752,"orthographic":false}