{"cameraMode":{"drawMode":0,"name":"Shaded","section":"Shading Mode"},"sceneLighting":false,"audioPlay":false,"sceneViewState":{"m_AlwaysRefresh":false,"showFog":true,"showSkybox":true,"showFlares":true,"showImageEffects":true,"showParticleSystems":true,"showVisualEffectGraphs":true,"m_FxEnabled":false},"in2DMode":false,"pivot":{"x":-170.62548828125,"y":1.0516743659973145,"z":-3.9085750579833986},"rotation":{"x":0.15566235780715943,"y":0.016920924186706544,"z":-0.002639385871589184,"w":0.9877170324325562},"size":1.5099685192108155,"orthographic":false}