{"cameraMode":{"drawMode":0,"name":"Shaded","section":"Shading Mode"},"sceneLighting":false,"audioPlay":false,"sceneViewState":{"m_AlwaysRefresh":false,"showFog":true,"showSkybox":true,"showFlares":true,"showImageEffects":true,"showParticleSystems":true,"showVisualEffectGraphs":true,"m_FxEnabled":false},"in2DMode":false,"pivot":{"x":-169.44932556152345,"y":1.2325570583343506,"z":-3.5777812004089357},"rotation":{"x":0.1457555741071701,"y":0.22698411345481873,"z":-0.03437577933073044,"w":0.9623719453811646},"size":1.221458911895752,"orthographic":false}