{"cameraMode":{"drawMode":0,"name":"Shaded","section":"Shading Mode"},"sceneLighting":false,"audioPlay":false,"sceneViewState":{"m_AlwaysRefresh":false,"showFog":true,"showSkybox":true,"showFlares":true,"showImageEffects":true,"showParticleSystems":true,"showVisualEffectGraphs":true,"m_FxEnabled":false},"in2DMode":false,"pivot":{"x":-164.8784637451172,"y":1.0516743659973145,"z":-3.9072771072387697},"rotation":{"x":0.10804443061351776,"y":0.23104745149612428,"z":-0.025813866406679155,"w":0.9666186571121216},"size":6.152978420257568,"orthographic":false}