{"cameraMode":{"drawMode":0,"name":"Shaded","section":"Shading Mode"},"sceneLighting":false,"audioPlay":false,"sceneViewState":{"m_AlwaysRefresh":false,"showFog":true,"showSkybox":true,"showFlares":true,"showImageEffects":true,"showParticleSystems":true,"showVisualEffectGraphs":true,"m_FxEnabled":false},"in2DMode":false,"pivot":{"x":-169.0059814453125,"y":1.0529999732971192,"z":-3.5310001373291017},"rotation":{"x":0.0737416222691536,"y":-0.009850870817899704,"z":0.0007341732853092253,"w":0.9972515106201172},"size":1.4163110256195069,"orthographic":false}