{"cameraMode":{"drawMode":0,"name":"Shaded","section":"Shading Mode"},"sceneLighting":false,"audioPlay":false,"sceneViewState":{"m_AlwaysRefresh":false,"showFog":true,"showSkybox":true,"showFlares":true,"showImageEffects":true,"showParticleSystems":true,"showVisualEffectGraphs":true,"m_FxEnabled":false},"in2DMode":false,"pivot":{"x":-168.1984100341797,"y":1.6642708778381348,"z":-2.068455934524536},"rotation":{"x":0.10804443061351776,"y":0.23104745149612428,"z":-0.025813866406679155,"w":0.9666186571121216},"size":6.452978610992432,"orthographic":false}