{"cameraMode":{"drawMode":0,"name":"Shaded","section":"Shading Mode"},"sceneLighting":false,"audioPlay":false,"sceneViewState":{"m_AlwaysRefresh":false,"showFog":true,"showSkybox":true,"showFlares":true,"showImageEffects":true,"showParticleSystems":true,"showVisualEffectGraphs":true,"m_FxEnabled":false},"in2DMode":false,"pivot":{"x":-169.0439910888672,"y":1.0529999732971192,"z":-3.5310001373291017},"rotation":{"x":0.09099804610013962,"y":0.27476489543914797,"z":-0.026119863614439966,"w":0.9568783640861511},"size":1.2191301584243775,"orthographic":false}