{"cameraMode":{"drawMode":0,"name":"Shaded","section":"Shading Mode"},"sceneLighting":false,"audioPlay":false,"sceneViewState":{"m_AlwaysRefresh":false,"showFog":true,"showSkybox":true,"showFlares":true,"showImageEffects":true,"showParticleSystems":true,"showVisualEffectGraphs":true,"m_FxEnabled":false},"in2DMode":false,"pivot":{"x":-168.52914428710938,"y":2.0490915775299074,"z":-1.8027372360229493},"rotation":{"x":0.11829677224159241,"y":0.06313565373420716,"z":-0.007525911089032888,"w":0.9909776449203491},"size":3.452977180480957,"orthographic":false}