{"cameraMode":{"drawMode":0,"name":"Shaded","section":"Shading Mode"},"sceneLighting":false,"audioPlay":false,"sceneViewState":{"m_AlwaysRefresh":false,"showFog":true,"showSkybox":true,"showFlares":true,"showImageEffects":true,"showParticleSystems":true,"showVisualEffectGraphs":true,"m_FxEnabled":false},"in2DMode":false,"pivot":{"x":-169.59881591796876,"y":-0.23349346220493318,"z":-0.9898878335952759},"rotation":{"x":-0.04019693657755852,"y":0.7433087825775147,"z":-0.044919539242982867,"w":-0.6663154363632202},"size":1.8099684715270997,"orthographic":false}